user_id,openness,extraversion,agreeableness,conscientiousness,neuroticism,budget_level,preferred_activity_type,travel_intensity_score
USER_000001,0.6156354589595345,0.07332204478697349,0.712407033702685,0.59620791557305,0.380233354785506,0.2965260683657036,nature_park,0.4102304996411343
USER_000002,0.499996616136798,0.6351100679699477,0.5088255088547301,0.5509125202247601,0.4673889560060572,0.14521882135472508,nature_park,0.4287719394270525
USER_000003,0.618607530492636,0.5536111049730273,0.8151678887029475,0.5151583003119233,0.5101963296062745,0.13611585713055113,waterfront,0.541096387723206
USER_000004,0.3141104627643281,0.5617944083565326,0.7850857935529882,0.3692600870933643,0.7160345181075405,0.24697045684049654,beach,0.4041573530151463
USER_000005,0.9025159779864478,0.6745630565501239,0.8855898771475746,0.4881292294491584,0.780385074946834,0.3041515013105071,waterfront,0.7569533725978008
USER_000006,0.2416794010866928,0.11845545405234478,0.7157147686375146,0.5734820022636933,0.20955884395515118,0.15304749271730617,waterfront,0.2701398094980491
USER_000007,0.7582342954533831,0.40491300159082055,0.9783008424419156,0.20824090107869495,0.9249091571394438,0.08492473155373875,cultural_center,0.45049557387285133
USER_000008,0.36838946817435975,0.7800633301490388,0.9626629372056813,0.7037694479070041,0.711600439419384,0.030830910553079398,waterfront,0.6119422016043009
USER_000009,0.4327478644229819,0.23314944796082224,0.702345510573549,0.39841849261769424,0.57812629801882,0.0911965525101519,natural_reserve,0.3113501438787788
USER_000010,0.720395657759638,0.5001288801817053,0.9540542301297184,0.11602025405389216,0.3338899530393672,0.0965063489555262,heritage_village,0.5609645093994152
USER_000011,0.8473196668199093,0.1753671915777922,0.6785183906227442,0.5085540358389229,0.486808581317664,0.16793405039468554,waterfront,0.5451336318030601
USER_000012,0.19644526837859508,0.6290497578994242,0.44061923480934784,0.5604966541001215,0.49450750898216844,0.11977616049382839,landmark,0.43482672049568216
USER_000013,0.5971642359628521,0.49324803181335564,0.332712282567122,0.3554104750367796,0.14459476113664368,0.25243831134568423,heritage_village,0.5048354026802262
USER_000014,0.53789069824926,0.6417441540763146,0.8228567564800752,0.329184036877257,0.5192943512830077,0.09683975758255568,nature_park,0.4999208144161617
USER_000015,0.24901316313785007,0.5938802935896661,0.7736000547714065,0.23069267971735988,0.635736463959048,0.14893120768856877,shopping_mall,0.40422433371992395
USER_000016,0.635354542418434,0.8028086724147343,0.8890696550845766,0.44622819508335104,0.4960622273711393,0.3519885485885968,museum,0.6119661153129222
USER_000017,0.26576237332913755,0.8446053483816609,0.8136811767764154,0.2629877834588895,0.7634240826937263,0.1985891918040869,historic_fort,0.39547791242847613
USER_000018,0.5154030943591819,0.15038176281644125,0.33087574574116935,0.38251322511674957,0.545478059301097,0.1486013216725302,heritage_village,0.4320387311056506
USER_000019,0.38153366831030366,0.5613565269070655,0.45663969788772474,0.3450993979991686,0.027536446402124087,0.09771404572830812,historic_site,0.5172684444192494
USER_000020,0.4381079245774021,0.8165701534184686,0.7621056051876104,0.23555898740659137,0.5409356724190165,0.09525105740117239,landmark,0.6279348967732361
USER_000021,0.4183952466696299,0.4878234006462775,0.9816314845210958,0.8267548434060076,0.6339521087761546,0.07935735335532838,historic_site,0.562603091281923
USER_000022,0.6930503377574219,0.891729804947734,0.9827910287926906,0.43781522532898826,0.08059418566592032,0.10264598624344273,museum,0.6880843106781048
USER_000023,0.26002611341832005,0.42689709409350124,0.7609959613754596,0.8736523821285291,0.6163644090429307,0.26434895248518103,shopping_mall,0.4443592500821375
USER_000024,0.5763284013658531,0.6709950715619886,0.5723893318670706,0.415082310118757,0.43750494784615485,0.13163548242644957,natural_wonder,0.528179787605577
USER_000025,0.3917953008916769,0.875131703706061,0.40705251075495363,0.7342855685395662,0.8759866445753572,0.04983176594478413,historic_site,0.47957394799372166
USER_000026,0.42893773821903497,0.2401809285593869,0.569957103974038,0.7735228678775181,0.2263533110755345,0.5143273236361269,historic_site,0.44316035847470703
USER_000027,0.5967851585411745,0.46277106473560414,0.4314426781317035,0.834413346438685,0.5059262245599887,0.19554901390382154,shopping_mall,0.6227635400184962
USER_000028,0.35539474515981556,0.8550426024774356,0.9511758030238863,0.6272967308281057,0.3104310876256318,0.04698044783942154,beach,0.6230265053593793
USER_000029,0.41707042542585054,0.6710691137401231,0.47129121304716076,0.4531999675335296,0.7776316748564536,0.11106688764920832,historic_fort,0.41238558602618075
USER_000030,0.5063343496295459,0.5903125040701521,0.5349131419851498,0.6388486054538705,0.37659719256625024,0.1684001671802539,landmark,0.5404236409729402
USER_000031,0.26510846152403633,0.7192191056444507,0.9284482083907353,0.6647025166020377,0.791028192814745,0.49377742156057747,historic_village,0.48169075566421865
USER_000032,0.3952464769915693,0.5808211822877384,0.22977872549099304,0.4013605946476293,0.13534532963628712,0.06302569379491943,cultural_center,0.40604781529247236
USER_000033,0.5625140647497485,0.6245638238062725,0.7917054342777101,0.5213757555651894,0.45834341983201565,0.3066276204118955,beach,0.6199906843696741
USER_000034,0.11593449875168234,0.5809240341893123,0.52232491243906,0.35332866910329186,0.5176871073031762,0.4053669968016185,beach,0.3365610937016582
USER_000035,0.19302400828250682,0.39560073681983415,0.7301586942687179,0.8200231544233253,0.608837430117869,0.09560849681787488,heritage_village,0.3249877461774979
USER_000036,0.4066672141999295,0.5304764340156751,0.9138561646322494,0.14074327798626857,0.7719141605270773,0.12617478206970653,beach,0.339064020074466
USER_000037,0.5605532279283414,0.9001094524762132,0.4590614201964963,0.5559997297328111,0.49359213728707246,0.06732903710875542,waterfront,0.7062811409013203
USER_000038,0.9068147633523634,0.33213580817917415,0.47147574899276773,0.32078623187682354,0.10647648893063393,0.13348502163992626,cultural_district,0.6043700695255102
USER_000039,0.39845175637842106,0.7936955649899637,0.2872334931132416,0.6018629790217809,0.2680683333165247,0.15119869054754898,historic_site,0.6348412616734549
USER_000040,0.1698036608879889,0.5385557664878824,0.8230632282214456,0.4606865843322287,0.16160381080903277,0.24760631789668108,cultural_center,0.5021917362766993
USER_000041,0.1390899432166346,0.6925303581871591,0.45320245221560346,0.43771852199688527,0.8535914369364315,0.33082452628524783,nature_park,0.41747625560226764
USER_000042,0.39714612700773827,0.7298301454759805,0.9479132015457219,0.45673434347538805,0.4953562899941096,0.08659493801227082,historic_village,0.5175060897141984
USER_000043,0.8480405433381658,0.6454142499552971,0.5307124813863048,0.4686500923298156,0.33621280072089915,0.023650082235409403,beach,0.5711599941901891
USER_000044,0.14824897771351775,0.41247992690872987,0.7649213808149187,0.6641256639796346,0.5136388112940687,0.15291842127369001,landmark,0.3851944218930517
USER_000045,0.41173746713706805,0.8273054152885522,0.28299558350935833,0.6070202560442975,0.5636120053725465,0.1919264401896046,heritage_village,0.666307046975178
USER_000046,0.5393251704548254,0.7042450933327872,0.662283443065573,0.7988416533522289,0.48922897678796257,0.18600524924877201,cultural_district,0.6292516147503918
USER_000047,0.3199619669052693,0.5672864218220006,0.8112080684496088,0.3927339402568753,0.572304129893485,0.12149821111911618,historic_fort,0.3409200188404138
USER_000048,0.6964589982602788,0.5866595561228377,0.5640007701633786,0.5852333482862877,0.6632717327662458,0.17009710615567664,cultural_district,0.5704954087939444
USER_000049,0.6970727922674722,0.3516781287426979,0.5130888136637354,0.6768444618960424,0.2109162713929241,0.43707676000903156,beach,0.5812353746197588
USER_000050,0.1939234406739955,0.6564571582982066,0.5889588906263148,0.4196054519239029,0.46115513147837556,0.20424342588033204,natural_reserve,0.36588034456013385
USER_000051,0.5896672795115494,0.8236313751302886,0.4269516352845515,0.8834918038295835,0.5239890882166354,0.11718202005063846,beach,0.5562310694617134
USER_000052,0.6113367863832901,0.2813537120000904,0.7100249473928273,0.5860470515600631,0.6830680400893328,0.10605110437295352,heritage_village,0.4791497907373045
USER_000053,0.4222403661995449,0.301368002378542,0.6667120756850352,0.7810705574448045,0.675153726178491,0.1369114641541158,natural_reserve,0.4030435496586226
USER_000054,0.27969737062888184,0.6521081277833057,0.09432202689973308,0.5133695303320076,0.28559015561196394,0.4726934798924424,beach,0.5493084849651316
USER_000055,0.7684734496241028,0.30995626673438387,0.7691472346626514,0.11745188478206191,0.15034846465831664,0.13553209595169088,historic_village,0.5464682322537062
USER_000056,0.2102880233199519,0.4760618628847874,0.6773331864881872,0.7951032531409875,0.41064524160651544,0.15308179152971715,landmark,0.4624803361732425
USER_000057,0.33495006642058367,0.48248324652163266,0.7528687445665202,0.510305446954912,0.5501142322186173,0.1075698485919875,natural_reserve,0.4319485243996214
USER_000058,0.5993590168693158,0.3250538413067248,0.5565451735979156,0.8387763452628939,0.7480208707289762,0.33275970995697784,waterfront,0.5207880476948686
USER_000059,0.6788077844681117,0.7477526489083836,0.8090426530460694,0.5276769429955463,0.19790216488126167,0.5812427600648808,cultural_district,0.6130474016551619
USER_000060,0.7901257201512977,0.6703204451226928,0.2680152591776761,0.778619980021518,0.09806061263859286,0.21432628790684416,beach,0.6855258050345147
USER_000061,0.29030466696113333,0.5974200392776249,0.9224666363410852,0.9614352947529553,0.2192448534715212,0.1650025613977599,cultural_district,0.6181927543165538
USER_000062,0.7491170867631803,0.46044981077400304,0.7440887463206701,0.5101749663234795,0.09442989820889165,0.15956660115808946,beach,0.6525425688676492
USER_000063,0.5044392958680626,0.6417653156965729,0.5466756314637331,0.5140987110710731,0.5458367424263292,0.01072885082612629,historic_site,0.5242448811532859
USER_000064,0.5002135634915037,0.09131310412739142,0.5230655314757229,0.663652139775,0.5135818142055577,0.2624680357793654,historic_site,0.42613083482759295
USER_000065,0.4289774439913693,0.23076463989145266,0.7087532017196513,0.5502342993175928,0.6203029384731915,0.17125733892330977,unesco_world_heritage_site,0.4220559761923156
USER_000066,0.7565908249239299,0.5350222831044322,0.8123940833455521,0.3487496722753896,0.22195315555497888,0.2110204448819076,beach,0.7334245860012002
USER_000067,0.16869930039329645,0.49022813877895616,0.5022451396451236,0.6047084272445075,0.6575552367298932,0.08929112381288855,unesco_world_heritage_site,0.3727644763812273
USER_000068,0.17019478824112327,0.6254048356737949,0.9122172264571382,0.5630458778848276,0.24428173628781824,0.11617472269834202,historic_village,0.40821355659987196
USER_000069,0.7950883484834409,0.5072049685280746,0.6666610381283977,0.627558926169149,0.5498074068033609,0.11378831802992832,nature_park,0.6368981559574715
USER_000070,0.6106187875953987,0.35568307486549866,0.6189835456876636,0.8537937201393915,0.8969303491772475,0.3160922457893485,cultural_center,0.550655919241445
USER_000071,0.8412260487015498,0.7770778549237632,0.2477616705184504,0.5490226950140853,0.22183908299413482,0.11669141633893233,shopping_mall,0.7919543060078058
USER_000072,0.6959094476948927,0.40968657984141044,0.9196526329587351,0.3440027844917244,0.26658046396797797,0.6283502780768807,shopping_mall,0.49144316234888397
USER_000073,0.387484578731324,0.41556674021659973,0.6765093103143892,0.9754522159098493,0.25375374883150037,0.2113923482272856,cultural_district,0.547117112551147
USER_000074,0.7306097246821639,0.8993449744185308,0.6620071342502272,0.17780523255766717,0.29783547589863213,0.05367549857846617,natural_reserve,0.6471722298298171
USER_000075,0.6518903868238308,0.17430281861267038,0.5824858313112051,0.7154213255877251,0.2576946491634089,0.14121840358464216,beach,0.4953834295697394
USER_000076,0.3378865795280868,0.42970259970058583,0.24971247222946777,0.40253187048062056,0.32611995015119466,0.09382063527623881,historic_village,0.4466108021020271
USER_000077,0.46504262183912504,0.5607251796434377,0.8356147905431107,0.7937867574400709,0.3772953038734872,0.01621524983493858,historic_fort,0.6146662523560937
USER_000078,0.2827647885660249,0.40955200008588005,0.6832875789027822,0.8018156325015752,0.5811480673695015,0.46147279671265207,museum,0.39838580947572133
USER_000079,0.8128423227225723,0.3417586429244871,0.4618593009933757,0.38332019369002446,0.6844273187499705,0.25507088827689056,cultural_center,0.5319206831425463
USER_000080,0.9196572407481756,0.4638847546087755,0.6352953537690263,0.6991232628246851,0.5986738697490719,0.2269793714309779,beach,0.6569901030631071
USER_000081,0.9120340010608811,0.36079145842179455,0.5054316687933578,0.35900075275488175,0.4474059591918374,0.1751543465670945,beach,0.7520172878824456
USER_000082,0.2288307941416894,0.735069329240235,0.6795808720608976,0.2668927254538292,0.09010248875817031,0.04821158459587541,historic_village,0.4909737282963167
USER_000083,0.5909661557890107,0.05412309706005629,0.7894897507791552,0.20921485538018159,0.8573958462407918,0.1074585970363225,historic_village,0.2957664430918875
USER_000084,0.8988904257521785,0.574683075457731,0.4956833414007666,0.6398857369840937,0.4711807315215565,0.28020800233423254,museum,0.7717184047147437
USER_000085,0.3672148613835674,0.4038344122438353,0.6301096528527746,0.7443492207197403,0.43636703587507325,0.0664200811420434,shopping_mall,0.535430498673835
USER_000086,0.6761140450897111,0.5595351158092955,0.9147872016550895,0.6925050449196578,0.7113754628238382,0.0068799421957215804,unesco_world_heritage_site,0.7063672588431692
USER_000087,0.25157476119893746,0.6303744625010012,0.5037026799228653,0.4205871031124517,0.366432004689984,0.13111548008906992,nature_park,0.5457719263493925
USER_000088,0.5980932051761079,0.25964982850838114,0.40807461075797496,0.30532237887454183,0.45497315342335437,0.13982925193508713,cultural_district,0.47322274679300846
USER_000089,0.43686933949919643,0.5571503392541095,0.5536722829904646,0.2749880746531599,0.5980423373133367,0.17143006618975573,shopping_mall,0.43352784200316863
USER_000090,0.47358308051134723,0.1502986514557679,0.26002964906626247,0.6492991681310071,0.7124746219333993,0.25951699166738385,museum,0.36354088474067753
USER_000091,0.6358166115237126,0.2010900355996999,0.927314145950897,0.9230053656325955,0.3919476705574107,0.24389663968640413,beach,0.545671635295761
USER_000092,0.5019030577582426,0.6636382406195102,0.3809452728242392,0.8219627169545854,0.49313132920167413,0.18724731083952265,shopping_mall,0.5726934651944312
USER_000093,0.7016617502696598,0.4304939571765211,0.9654044280757469,0.790573793251591,0.7722150567569308,0.3546763698186279,landmark,0.6614445123410827
USER_000094,0.585084810842511,0.8056644063714523,0.3011992149020801,0.6171656013611482,0.44375226477166807,0.041669018982324,historic_fort,0.6390288660673482
USER_000095,0.11838558165974232,0.5197109623679601,0.6668888264042276,0.9509932279773471,0.3803902846212965,0.2225228910716137,historic_site,0.48979301166977907
USER_000096,0.5564771112158046,0.398445914890986,0.6928802622146978,0.23539502326851408,0.5145933086105482,0.2420525872224951,heritage_village,0.49444438243262423
USER_000097,0.6859186131076725,0.4561679889055216,0.7336673150708648,0.6601682814019911,0.3428014087004805,0.05561225646923918,beach,0.5577135608524152
USER_000098,0.6877918909197814,0.4034121754387273,0.7646669114149244,0.8030938057209898,0.5095756983086028,0.04241052784807398,nature_park,0.5180214221044509
USER_000099,0.6847805481337312,0.3694174430104085,0.6133890332590033,0.25737077481759046,0.5605050570681025,0.0867518294319387,natural_wonder,0.4361288660011403
USER_000100,0.6467663237115081,0.2333639712371543,0.560554525465624,0.5499183960124822,0.604786898448729,0.0930619166737582,museum,0.45741719829949073
USER_000101,0.36271500623702013,0.6521030174412638,0.797896006297018,0.5445165812741976,0.2399904007983588,0.26394612391922095,waterfront,0.5450065601667256
USER_000102,0.4875430615926483,0.6072441010240631,0.7620842853595925,0.4336654495390668,0.4565589477122537,0.09671702400882233,natural_reserve,0.5022735755046733
USER_000103,0.3904354900625388,0.7654665379190502,0.5930710182050869,0.24688292342294058,0.6144363167745615,0.07896545070288913,cultural_center,0.5262097724840249
USER_000104,0.674064577452769,0.5114966349242623,0.8737840912801497,0.8981633714354569,0.5438839479465454,0.09694633186144498,waterfront,0.6207158772222099
USER_000105,0.554282819490992,0.7486434539972887,0.647401439288871,0.37943176858470046,0.4928824778943392,0.3371177742001881,historic_fort,0.5991506253674954
USER_000106,0.7233095774137626,0.4149360861618752,0.6152330743188962,0.39420801448131343,0.5617263094600738,0.1568187832041363,shopping_mall,0.5534039657892964
USER_000107,0.40576184888425065,0.459302031663626,0.8275650230469241,0.4375481041794053,0.20942201069632466,0.13594629270795594,beach,0.572885269351782
USER_000108,0.5396682090640951,0.7957964320949734,0.8258773599299226,0.5122654609326793,0.3466039703122427,0.14318661506420477,natural_reserve,0.5893174571042902
USER_000109,0.4148474145428494,0.6999497656445272,0.5179476297097171,0.661759874700802,0.27475695126323463,0.37789540496439394,natural_reserve,0.6840305176325159
USER_000110,0.8796031530051215,0.693351406022942,0.43805060079229674,0.7513902535565519,0.44907356268156506,0.08651666338966899,cultural_district,0.7198329021768922
USER_000111,0.8856111130092305,0.20412719993606246,0.7921894292692551,0.7806639840808919,0.7266373118981531,0.383741502821193,waterfront,0.5325250985522516
USER_000112,0.12486827529617976,0.56257257163834,0.8515912521463077,0.9301195803055415,0.25169176099947105,0.18091028282765004,historic_village,0.46480165564184656
USER_000113,0.28264178401236933,0.7370465065650245,0.8384676440633615,0.6529292080399294,0.4598597797643541,0.13788564690331728,beach,0.6900544084390174
USER_000114,0.24039951481547503,0.640472976101255,0.4068733612280621,0.8963958916916871,0.2886181204739458,0.8174848555600527,historic_fort,0.5590032002752594
USER_000115,0.08224546022030065,0.6866176360684745,0.6783897765515375,0.4781896854543668,0.21718432480223943,0.06615223105312225,cultural_district,0.45296118924623363
USER_000116,0.7658312655792822,0.7894592840662367,0.232679079067516,0.5699468124150318,0.4918303372980943,0.11898662209766242,historic_village,0.7308725766194812
USER_000117,0.7289723509470696,0.24163780843683072,0.377437851166134,0.540453483048022,0.21123588089920906,0.05599960630702937,cultural_center,0.5044169366103508
USER_000118,0.6959177672865311,0.3962256984185594,0.8421468749047987,0.7397488017151764,0.48678518797157694,0.30183241187997195,heritage_village,0.617928180463832
USER_000119,0.6003124764680128,0.8073551500348415,0.9488801530403599,0.3904151209083941,0.5466166465328285,0.48891555346909976,historic_fort,0.6338012617485079
USER_000120,0.5879785392179561,0.6108196700171952,0.7905977014048711,0.8027204358743351,0.2682191908588401,0.4828972759808504,unesco_world_heritage_site,0.7420066854900713
USER_000121,0.8684385622274672,0.08716603270128277,0.6491899375604961,0.5039736050205366,0.43894761550508593,0.3613727611732116,nature_park,0.5322516249526358
USER_000122,0.4612774920762419,0.1210457353995053,0.4901284243075233,0.5668684922529434,0.8270290872833969,0.1340755334316777,waterfront,0.3287446765464559
USER_000123,0.23297375373255402,0.4386534863643234,0.29072444418318605,0.40112467082086795,0.07783530613444203,0.11792460151592957,historic_site,0.3334669697527078
USER_000124,0.6590331100261343,0.5687482662037904,0.966282829712413,0.4887851439041186,0.3712464116886446,0.03500173091195609,cultural_center,0.6257457201177455
USER_000125,0.5456265623939547,0.32974619419114787,0.8395799054068557,0.48404625040159527,0.8629031544862154,0.6099952041897582,historic_site,0.4601176922728285
USER_000126,0.1680251170769776,0.4587565092329525,0.43974871486387873,0.6241153906053287,0.536424652850227,0.21708576956822104,heritage_village,0.30671986924262146
USER_000127,0.36745914023635096,0.29031383923406695,0.6964232060904467,0.20140275995854465,0.7052252617831196,0.10674890480219003,nature_park,0.3512450361877813
USER_000128,0.6026905822805648,0.5077697728097773,0.31358640799294035,0.5547816775610838,0.7267608106911676,0.3869040984242593,historic_village,0.5312866319095948
USER_000129,0.9043183987127565,0.1095910277143867,0.6560662574705534,0.674197543527601,0.6925847947792471,0.07129518267889957,historic_fort,0.60995142071835
USER_000130,0.41552841395226053,0.6622175436187665,0.8017439635797988,0.46270774233684453,0.5349307318655019,0.20783865857240444,heritage_village,0.5814953209045957
USER_000131,0.31325535682236666,0.5457090428493959,0.5917215595683101,0.8200715434902827,0.5949217109266264,0.13662574369183503,cultural_district,0.4868334586737747
USER_000132,0.7508246581381912,0.6205345366654692,0.6892270778167155,0.7014067089556081,0.27055228313094665,0.24407579463618184,nature_park,0.647289111969395
USER_000133,0.35363331884989285,0.12288498234789269,0.414121344070629,0.7829321149515474,0.38441305227549366,0.14821278801631357,cultural_center,0.3364923224358069
USER_000134,0.10303112421893607,0.3959138646849596,0.9184749435682182,0.34386651510056804,0.7675134192791688,0.044852374712269764,unesco_world_heritage_site,0.36884537476259605
USER_000135,0.6513526894251843,0.8371751161246453,0.8566367648050163,0.585617001186702,0.783024878790488,0.1641420110041853,landmark,0.6723399808028026
USER_000136,0.5620846841796776,0.45048782185877856,0.6233915632340653,0.12891644427331492,0.4421559933746095,0.3218733717755229,cultural_center,0.553579354672297
USER_000137,0.5660357467316169,0.7118112179095033,0.6119803495778185,0.39906298275555097,0.47912245605453685,0.1520230677363415,historic_fort,0.607434124276629
USER_000138,0.7322389655382124,0.5046757375147426,0.8990623338351151,0.7990899854575181,0.26625369695208934,0.26785946617718315,landmark,0.7201763341438047
USER_000139,0.6202196443754265,0.3304549305078012,0.7300196254558289,0.2811826005895061,0.5803956778136138,0.06676601548504382,historic_site,0.514799321294275
USER_000140,0.582404770536907,0.9389037162923562,0.614359654047815,0.6135877393121849,0.0863819857573964,0.15235453544723057,natural_wonder,0.6675940274054774
USER_000141,0.4506272115503183,0.6376889105665139,0.3092224151382936,0.28367706667079456,0.2608163507010325,0.09593295077273459,museum,0.5188361409831385
USER_000142,0.30471323551902035,0.8726883641117518,0.5898995019958789,0.20477691083974225,0.505907779976715,0.2627945292048027,nature_park,0.43146259210111426
USER_000143,0.11232651954507486,0.2688887435611945,0.8917837093191866,0.7586230505667018,0.4408127059962006,0.1589507479106002,museum,0.3256529859438596
USER_000144,0.635512264275899,0.18017084796852875,0.189732934312791,0.5824131349579974,0.4914415958173486,0.2528073880304558,natural_wonder,0.4879690992846751
USER_000145,0.5450295275340902,0.6463899556358209,0.22022927274816906,0.16518665151970863,0.39653700133599873,0.3302825155071083,cultural_district,0.4567978644095247
USER_000146,0.3112182967384508,0.5519208948673409,0.5277944206101565,0.17150356099985756,0.09254255166592795,0.2530740371419287,heritage_village,0.4608914533958598
USER_000147,0.14789411849290646,0.47845116776371416,0.5490407556118501,0.6041613776915256,0.7474352253224927,0.18916656409135274,nature_park,0.2711072703550571
USER_000148,0.46294360399090667,0.6623147234493371,0.8945661816161696,0.7354236360208513,0.33832556219609905,0.0696886858825004,museum,0.6622471480935684
USER_000149,0.681754853461133,0.42338542671745494,0.538492083712739,0.38054004800574986,0.44963828606191897,0.1550081665166406,museum,0.5055374930747297
USER_000150,0.6479351779442012,0.3029416622361212,0.7179864898929995,0.7259279137158825,0.7844633385098306,0.1033000362876101,waterfront,0.46504287633862695
USER_000151,0.2653595648239793,0.2579767789001284,0.7445983126717932,0.6297552398171143,0.6595378850344984,0.11987658130354004,waterfront,0.2775084769027832
USER_000152,0.38794154908730083,0.5364206964045242,0.7425061676379852,0.4971609942834659,0.8019034736996773,0.11707580767892027,natural_wonder,0.418644247068846
USER_000153,0.2738385689916113,0.2774096702340002,0.8321124800589881,0.6745741541656544,0.3613932673124043,0.07084062765218857,heritage_village,0.3040301587155617
USER_000154,0.15810622536992103,0.7884482791181512,0.7498744659072494,0.31242077706248395,0.333072763951978,0.024000912168022234,beach,0.42340658038753454
USER_000155,0.8946341455943861,0.6630935784326627,0.30014000999295387,0.526731759806217,0.7244709440979897,0.09255675641262466,cultural_center,0.7333257530949886
USER_000156,0.3567829610977888,0.704818879681985,0.5724585927493988,0.3871724426384979,0.44805073765004205,0.1787070130468064,nature_park,0.4866169906249597
USER_000157,0.7643680830359548,0.8144333372228573,0.9026757464098076,0.5219173156937568,0.27916885609571596,0.04991277800281546,historic_fort,0.6867058026508893
USER_000158,0.36247626043836084,0.6096066912848822,0.8479718302005512,0.4442145660903006,0.8374944998056341,0.157122298826773,unesco_world_heritage_site,0.4644670038322586
USER_000159,0.6406589719997156,0.3670478821510229,0.634949022066359,0.2641868391745753,0.28827816278739604,0.5596160396652177,cultural_district,0.5158204029397032
USER_000160,0.6863606176985684,0.2222525678673753,0.8731754882202961,0.6508354425630068,0.41156424211846326,0.3163941289474332,waterfront,0.6391781821525453
USER_000161,0.5472116722221894,0.5147388455416955,0.5202290537891836,0.9062321499683044,0.4196298408422321,0.47476845152396535,waterfront,0.6328256645788863
USER_000162,0.6429154408272634,0.23850241677678294,0.6946438517350415,0.6732589991430992,0.5887663962363717,0.20559411139954778,landmark,0.5208412105571624
USER_000163,0.6538891726687902,0.28619091776631783,0.542818176267458,0.6035557741923189,0.2609898560423045,0.34818410944813083,nature_park,0.5842415611533791
USER_000164,0.7052526947549964,0.21813598830979905,0.8904315840619542,0.6486111509022982,0.08053221175302687,0.08836429090523792,unesco_world_heritage_site,0.574582851649075
USER_000165,0.20805415210551434,0.6582106466987958,0.6073129687998973,0.8241930625263857,0.53229991819533,0.09438760241664883,nature_park,0.4776788118059542
USER_000166,0.25639851701392674,0.39781458733867703,0.734719476639906,0.8853883918687653,0.4905645563522694,0.002012379946727986,landmark,0.5253385751558353
USER_000167,0.9577272844558973,0.500069716285166,0.31097325852073593,0.530640816585157,0.1592255111319847,0.35248959743901953,historic_fort,0.6305551116277084
USER_000168,0.09806207514682352,0.27699665140257157,0.8670101513690369,0.4701500719913579,0.41650902577021764,0.4441724184165612,beach,0.34294321692668167
USER_000169,0.2828848151971761,0.3527327199025528,0.5272897935817921,0.6057336325942336,0.1559371491373461,0.1016465217986059,unesco_world_heritage_site,0.4150649879197375
USER_000170,0.59011360227352,0.6717419093658389,0.6067246545980959,0.3555574073641492,0.5901013956634239,0.1284656081297004,museum,0.5476532469246769
USER_000171,0.6105928866396894,0.16302116084000115,0.7792790512702332,0.27058641919762827,0.17364646677750933,0.08617593938178117,landmark,0.42768597498859545
USER_000172,0.7568838923694093,0.6674054849043554,0.9202863223628608,0.699704739901806,0.5471109650616476,0.20437528456943446,historic_site,0.7069178340445288
USER_000173,0.6586410670822217,0.7446456540996051,0.6619732690426127,0.660241671015158,0.6106778436335132,0.33852604902347927,cultural_district,0.65574077947859
USER_000174,0.7943592589134931,0.6435113719784533,0.5406168247199016,0.29722450198377026,0.4393716353429143,0.03206959125443511,museum,0.6177393488218541
USER_000175,0.2929436887832145,0.30654775635390813,0.6960816828155325,0.42926451880449235,0.8132032564344436,0.20824891380865812,unesco_world_heritage_site,0.29188235148163183
USER_000176,0.05602322509006499,0.4050169210124223,0.8287285162473346,0.5693550910309589,0.03236712130240005,0.1262560746758011,historic_site,0.2722508210539765
USER_000177,0.7754578524948671,0.2787084081904574,0.8270103091642659,0.3301845587568026,0.6847006922374439,0.16870606193072843,beach,0.48001360628548995
USER_000178,0.39371662400567525,0.4208428905878401,0.8188166343992798,0.6410228194418648,0.4988099676583047,0.21558181681891683,cultural_center,0.4453380173359867
USER_000179,0.26318741925112715,0.5684315492801173,0.5243870003432536,0.49025962781682253,0.6607234419980395,0.13503209751933232,historic_site,0.4170519360827103
USER_000180,0.8112776964552049,0.6090158765152041,0.8765667260706945,0.8111863028314044,0.7789512547282356,0.14387310906852457,waterfront,0.7929812920261403
USER_000181,0.3129990102877625,0.5869917037710328,0.8108134275795047,0.7805978803110084,0.4253735164755888,0.1324372490698976,natural_wonder,0.48559230734881154
USER_000182,0.3310097468653145,0.35995124498322556,0.767388859452319,0.834563004602467,0.429235677277979,0.30545718238111014,historic_site,0.40983305548892307
USER_000183,0.5561088701516702,0.29284219922528437,0.7286879977515007,0.4514384808397853,0.7822618870995023,0.20961164247727612,heritage_village,0.40049538656669115
USER_000184,0.6820909633163098,0.7810393972323835,0.7586506940899822,0.7587583560578529,0.3110445113544168,0.1822193421917006,natural_reserve,0.73545727985408
USER_000185,0.5014874824468347,0.6153151439773041,0.7673336876611431,0.5868542243073442,0.5776360552077904,0.05392678695767156,historic_village,0.5832525216701185
USER_000186,0.7799668155571725,0.7649972556589603,0.6954566087398619,0.6258062399732752,0.5413862134058961,0.11670777873687234,beach,0.752408308666429
USER_000187,0.22913492572519903,0.6699734197156125,0.3053992789682241,0.42295971637845253,0.7403363567608834,0.2911432023171798,historic_village,0.4387116818455674
USER_000188,0.727471363781641,0.16438375471925434,0.2769075273206983,0.5040662043312116,0.10514133630729877,0.1596731498481508,museum,0.5677063746940182
USER_000189,0.8150163141952667,0.7648473016952364,0.7854344674282943,0.6642997710718166,0.10140603131510596,0.24758623999002277,nature_park,0.7702926202136957
USER_000190,0.5655208630376035,0.45326637563909833,0.3020603096961802,0.9374477167565375,0.32944469726598996,0.5137815643970889,landmark,0.6876209703655218
USER_000191,0.6054145323009311,0.8331599093924955,0.595149108432773,0.5725949383036609,0.42006898592625613,0.31968530187235267,shopping_mall,0.648015157254745
USER_000192,0.2335077451998958,0.3788211829446405,0.8144766258808579,0.7893910474957853,0.49389741930108383,0.16625100473801963,beach,0.4222592282686982
USER_000193,0.9583629317434741,0.9812330762955945,0.8200395491724577,0.5877946213218076,0.23701270169604446,0.10514254674115923,natural_reserve,0.9479763496619922
USER_000194,0.33573123914213043,0.5279547945954604,0.7301421798826412,0.6894925972896994,0.07578237553617473,0.006339772196603363,waterfront,0.553352946468848
USER_000195,0.44953479147874054,0.4666919857345676,0.6398460866155347,0.43842189008901455,0.9147845247393134,0.13706265039550194,landmark,0.31405631048092714
USER_000196,0.8244085111606082,0.694032838181014,0.48600154059491263,0.3891062006936704,0.3234628837935632,0.12156015845581175,cultural_center,0.6885747661878301
USER_000197,0.31141040423092176,0.1881676958738937,0.9885100057951612,0.6288677192519161,0.724089746872247,0.20548430813073593,cultural_district,0.39545939174918193
USER_000198,0.5282649010012375,0.2581769783045732,0.771411868192845,0.6042580565823823,0.23282211733726763,0.13856161660313934,cultural_center,0.42751263007866186
USER_000199,0.2536825158074584,0.6483579190037179,0.9649440819549103,0.4098595134473034,0.4077577416463258,0.1220887429636753,nature_park,0.5024653787307565
USER_000200,0.6631491741744263,0.5593313698542556,0.1456201545943754,0.5023921465440307,0.1738244662436175,0.03061770212163503,cultural_center,0.6178241607136815
USER_000201,0.8042322670898883,0.2161238986751853,0.7877078517768714,0.9391714193491945,0.8469534841503786,0.07340212165344911,nature_park,0.6412918577072644
USER_000202,0.23975445474699555,0.8145164540827154,0.1922645100087862,0.8825194881894313,0.3046116292139904,0.218247725394483,shopping_mall,0.5171901378141357
USER_000203,0.12150962053599126,0.598247057234882,0.07063864267538945,0.9534333360540312,0.13814899772724987,0.4973778068578605,historic_site,0.5106046689334724
USER_000204,0.032187173892523235,0.4817693403505736,0.7328101263425978,0.6319518035001508,0.7710342401295845,0.14452383376905603,historic_village,0.319715936861417
USER_000205,0.3210048614300583,0.20051527805090485,0.4785190347000963,0.7199875775014125,0.32148404380715867,0.19663559361543897,natural_reserve,0.4766347271694101
USER_000206,0.49324533183431485,0.6507824181797622,0.8332219549935242,0.4822958417044962,0.7486072076983145,0.30183568049601667,nature_park,0.67098010831384
USER_000207,0.8783893489921974,0.15615606352650638,0.4791586172419924,0.1141859193127102,0.6729215773679057,0.08210878496847321,historic_fort,0.5489127416296742
USER_000208,0.5684486458180996,0.6834981934488148,0.42501651415177005,0.3673673859240785,0.5671103795358167,0.20211370476609783,historic_site,0.5760997459099141
USER_000209,0.5554627071182652,0.2824210293558184,0.4196281684412117,0.34414420112322264,0.5698434315905997,0.08714985827848912,cultural_center,0.5385802868886259
USER_000210,0.7352673421006285,0.9551231444950554,0.6326929420985595,0.6668689242699802,0.3282646887882444,0.2845925768320804,cultural_district,0.8096562991387678
USER_000211,0.5894123577892502,0.3745400584067476,0.5857788538707083,0.4893268991019621,0.301877739627034,0.17339866306947066,beach,0.47522987855771986
USER_000212,0.3807588094711804,0.4827746725181222,0.833766056162553,0.1277198201867362,0.4607734598455838,0.19259572569359948,natural_wonder,0.40994119004790974
USER_000213,0.3248231078366541,0.599052476475761,0.30350913185140294,0.47169279602018954,0.6738491207068558,0.08410923776040904,natural_reserve,0.46627305931705304
USER_000214,0.7308323035637833,0.3440070832097046,0.5095058098295412,0.6512498650787348,0.4568624272337024,0.25574803123021916,unesco_world_heritage_site,0.6143092816993448
USER_000215,0.6981166918027266,0.7798056863971972,0.5982609816189726,0.9650519157842301,0.0706162415770512,0.6291673984235725,historic_fort,0.7245343504407449
USER_000216,0.16898731119980093,0.5459171225058733,0.8449920402697332,0.6837728623914602,0.5907405101352536,0.06908279521331935,museum,0.362434927267379
USER_000217,0.5547326761648753,0.10742679418446002,0.7697901947046786,0.4643133097320231,0.39163107837045597,0.12027642998926831,cultural_center,0.40602901476878744
USER_000218,0.35990595925325863,0.16864761500451966,0.8950332363211169,0.7644427235567934,0.4688362071669996,0.18365905015851,unesco_world_heritage_site,0.43381829850834375
USER_000219,0.799091531585191,0.8052208550551159,0.43221454066502585,0.47513742273677795,0.4077229392658311,0.26991633427583067,natural_wonder,0.7464400431617919
USER_000220,0.2392466605421522,0.4298239687122967,0.895202676358135,0.60170184108512,0.39100926606565023,0.10112638087131426,cultural_district,0.4276255944099001
USER_000221,0.7259689569295272,0.4764328345679041,0.6721425031308236,0.6881782485433919,0.44044062157859193,0.0,unesco_world_heritage_site,0.5843857967464906
USER_000222,0.8814711238678273,0.4254252726683993,0.5716443859685334,0.6280907191687417,0.6827827293147619,0.39485397449031745,cultural_center,0.7215807327408776
USER_000223,0.37656793741240696,0.3340588679559077,0.37492167772355556,0.5086470945546767,0.18953463897882708,0.2652187776048885,waterfront,0.37333161643107976
USER_000224,0.46051823165703154,0.47807321432069666,0.9468454008985208,0.19765387042793928,0.3751461453136989,0.03206255583086923,natural_reserve,0.5322220302794567
USER_000225,0.5619034940124811,0.41969775021192113,0.45723740378394556,0.28755957691322737,0.15739702497319183,0.09726786711083238,waterfront,0.5378679910699492
USER_000226,0.5396354723352358,0.9330336347088483,0.5559830398914972,0.5797930561826091,0.41332023642085947,0.4522445057561623,shopping_mall,0.7332169813202156
USER_000227,0.15401274461742243,0.449721862661851,0.5350435749182865,0.2625005465606601,0.46430880733862034,0.41831019586618523,cultural_center,0.29399637199552975
USER_000228,0.3735403634267262,0.265958393281794,0.7160304631732847,0.08996645711738864,0.22541842189006667,0.29905282188007437,natural_wonder,0.3488256029880344
USER_000229,0.7464548412010864,0.5964935819945433,0.3846568884350243,0.3786302445507294,0.528284858239823,0.13626799697765454,shopping_mall,0.6034810342232281
USER_000230,0.47317655943499853,0.5577415490282683,0.8855374770428546,0.7886665725943942,0.547426833367395,0.16502826985742602,shopping_mall,0.5406073768569666
USER_000231,0.8362306086946255,0.22371810368803652,0.5930933762349647,0.5668189557217076,0.26906249325988424,0.1409673864194368,shopping_mall,0.6006418601030321
USER_000232,0.6907887837808583,0.6828341647128444,0.9599754018671995,0.2758354443934767,0.4735906766957539,0.3392674434321342,nature_park,0.7021352548125631
USER_000233,0.39645013317129596,0.398320934216961,0.5935269482191481,0.7861886797073846,0.08625935994207856,0.07764342969518467,heritage_village,0.4522133545480653
USER_000234,0.3393889812169841,0.2289220186224238,0.7803135803684479,0.2283782337045443,0.22022146477754462,0.0824664433927656,beach,0.3228218802593159
USER_000235,0.20405740796202948,0.5231493909426506,0.35728506094370804,0.7404055867591738,0.3308077516152749,0.3137116282071835,historic_fort,0.3961248304318281
USER_000236,0.21039733866516938,0.4605604182835822,0.8810488291390792,0.5716079701025985,0.31609367031329566,0.15033376472699075,nature_park,0.4157904177853542
USER_000237,0.47055792502605054,0.06439287611802949,0.9589446421646917,0.20227492375437875,0.13018688934025846,0.3998516464772718,beach,0.3660345011342511
USER_000238,0.44090384903246294,0.8908663310214988,0.0322152077883834,0.5478525153043443,0.17177521747059282,0.09229971578775452,historic_fort,0.6488482840794817
USER_000239,0.4493899834244515,0.3829378414064383,0.6614557472369562,0.28873945527457834,0.3471920059425444,0.14918072482072764,natural_wonder,0.43798800599656096
USER_000240,0.7005433498564726,0.4253678459441038,0.5881233370342901,0.4845715577678768,0.7085968782225626,0.07454703910186222,heritage_village,0.554204070256425
USER_000241,0.5389823560550437,0.4621625388455512,0.2338675632268454,0.5096212130558536,0.6591696232176143,0.1561670319208432,cultural_center,0.4963837041492418
USER_000242,0.7107112274823391,0.634002951119518,0.5674050945995986,0.6191158128954559,0.42071323163328866,0.043544521773283856,historic_fort,0.665921882890051
USER_000243,0.5242450791080219,0.6786165943085531,0.5197226899827465,0.7437078703317314,0.5795257424707916,0.10711637867379858,historic_fort,0.6280384038104722
USER_000244,0.4665134485052035,0.5748076235917791,0.49769623658353757,0.5097156939162258,0.7038126290924919,0.04555610502523315,heritage_village,0.4838924003803394
USER_000245,0.4958048760758314,0.06401739313936436,0.8384778854584956,0.9371830724725024,0.16544177186512185,0.25347228016979384,historic_fort,0.5658027661331797
USER_000246,0.36484770044934745,0.19589824113412588,0.5608079587580955,0.42740958096156473,0.7721693657238556,0.2574184458833636,historic_village,0.44672444336567024
USER_000247,0.8401848302973887,0.635349846497243,0.9265185791507154,0.7237334423969823,0.662277831424705,0.03257281116654176,landmark,0.7506485969810945
USER_000248,0.3705009870594558,0.47912508991283287,0.5141002849152604,0.7300673155644872,0.6499854985727971,0.38838125109064636,nature_park,0.47355404170624166
USER_000249,0.5959890899976634,0.49066009937890775,0.7483784690940488,0.48017968515913156,0.16867139797026393,0.8157045558442194,unesco_world_heritage_site,0.6094015177101456
USER_000250,0.33923695656938346,0.608805456364106,0.283967682772989,0.3528767399705185,0.31360652406148193,0.16064482019727258,beach,0.3990540079708821
USER_000251,0.8281508335328468,0.5867715218422724,0.5466352859710129,0.8140574851851724,0.6877533657004605,0.09463775632993457,nature_park,0.6969621138453718
USER_000252,0.20779684640304963,0.6962212071320667,0.3845802509674923,0.6845896362875241,0.47571152431993263,1.0,historic_site,0.4297651759129194
USER_000253,0.28317167888987754,0.48576950284049725,0.6528258406916336,0.5068031756955462,0.5192936527278097,0.051409148830110704,waterfront,0.4412307713862494
USER_000254,0.6778375360386982,0.46465506964930453,0.770879559279634,0.45305636371799546,0.6939340478606488,0.15763224273885187,nature_park,0.5113225976470295
USER_000255,0.5445793186295788,0.45307815178713706,0.5537801663514795,0.5721541520486079,0.35018141527434427,0.17695252624704935,beach,0.5150102903174586
USER_000256,0.36672353745114983,0.5678906228941063,0.22091329851590735,0.6981654849277711,0.5892474419482627,0.3912499174922801,cultural_district,0.3803038000426739
USER_000257,0.644948881258528,0.7028633511440658,0.5470752668813738,0.48182319142543695,0.769042466524403,0.2011104435082389,shopping_mall,0.5328992687546914
USER_000258,0.45977657572951425,0.5114783166124335,0.6808512520427046,0.6999985453251583,0.8100363114744794,0.10618326450986132,beach,0.5131365286757992
USER_000259,0.38561707704283577,0.8538568187435791,0.35269338722060417,0.6260875388574729,0.2737730140418412,0.0726768739117384,heritage_village,0.5511320713097536
USER_000260,0.39491755233163606,0.4229344347131235,0.6714534907168069,0.8045880830437347,0.32566331503152446,0.12008470467303672,historic_village,0.5597306060251184
USER_000261,0.7584243502968773,0.9054369907694301,0.2873173788897852,0.7038546077388386,0.6191052695576387,0.0691441225858139,natural_wonder,0.6853399160784654
USER_000262,0.6428209182809254,0.22441186447357334,0.4943662231769545,0.9899296158586843,0.8337128927601511,0.1608581559333489,waterfront,0.5369511159803659
USER_000263,0.6244749970777423,0.35211012198405955,0.6565762521995216,0.6298727779142859,0.24457579350925665,0.10074789088052763,waterfront,0.5201814039239202
USER_000264,0.5113546597071191,0.11303333256561994,0.5050565951528191,0.9383621160931668,0.6033930846331793,0.0428204101108029,historic_fort,0.46339319111250793
USER_000265,0.46739113392090714,0.20160204036907303,0.7835905016192817,0.4723020009502752,0.4170750657577842,0.36885684227264376,landmark,0.3390150178720548
USER_000266,0.32308742373747784,0.6377036025358227,0.10871612086885367,0.8473271283001118,0.7393467766172273,0.10626456744436813,nature_park,0.4564870991009968
USER_000267,0.7946606723717613,0.494996755650785,0.6440033306043405,0.913391992459277,0.27984134870974076,0.05407664276098255,museum,0.6652774619076878
USER_000268,0.19432077903666412,0.67088656571467,0.5652656088309305,0.36856134572175747,0.7408201049879906,0.13707561621770994,nature_park,0.43262138189552674
USER_000269,0.14021832171692455,0.4358550081500737,0.7655260084207528,0.7334957027511527,0.6866191029983987,0.16328418519614313,museum,0.3895956998883728
USER_000270,0.6326019567555802,0.18561764467616437,0.7628670654190395,0.12380297465130262,0.35750075460717207,0.03192168044628016,unesco_world_heritage_site,0.3680609973822374
USER_000271,0.40191703217357894,0.4053432633246816,0.6983905865928364,0.5103031694657981,0.11591301720735474,0.19716879021819442,historic_site,0.4720844580645681
USER_000272,0.807198655578914,0.7924535099373907,0.8197615853951613,0.7644246472184667,0.5671918702440191,0.06666692190274626,natural_reserve,0.7209322124047672
USER_000273,0.6673297066588612,0.3617319194582917,0.09676726560396735,0.3395345847166908,0.4000913165376009,0.4958224620033705,natural_wonder,0.538723737528401
USER_000274,0.4685006227618917,0.5126110869553618,0.3853222823819396,0.41020479113250846,0.09702187582467522,0.2255314311874088,cultural_district,0.5758544277805678
USER_000275,0.6762615790908381,0.59126554031598,0.4454433492957099,0.5563338446783166,0.753923828670242,0.11478295904668417,beach,0.5061318977050974
USER_000276,0.7465211343836315,0.05343031300707866,0.8853062342979952,0.7243629718947432,0.39422688393390015,0.08680828258689292,natural_wonder,0.5694697654803715
USER_000277,0.7403798791097563,0.4592561257476786,0.7240895926501337,0.2792503233841248,0.7502832625883074,0.14372519915147725,historic_site,0.4958276877866153
USER_000278,0.4469499877441838,0.4797175184529798,0.2520551617559319,0.4600937804493089,0.5706728926394548,0.23977895277320077,museum,0.43459894788884895
USER_000279,0.16314473411980232,0.4086962389120079,0.6546357241326822,0.19195088613339928,0.7327345703383689,0.15244061184759178,natural_wonder,0.27773043886737825
USER_000280,0.029214886539795547,0.39353146422505153,0.684540604490236,0.8907305250648851,0.04018390863081193,0.13210823191164428,cultural_center,0.4843939201823707
USER_000281,0.7639424811726677,0.6628130727919544,0.5198147377113563,0.5611902438358229,0.47588891984720344,0.16209953341578753,historic_village,0.6168088094313302
USER_000282,0.49140215547601795,0.2093574305972679,0.25730800910057744,0.4290755784645892,0.8709119464459509,0.09756200058931278,beach,0.3912411200818748
USER_000283,0.29113331633176237,0.8163126166059047,0.4572497278521231,0.7750496438736583,0.2632499741305715,0.11995619372793354,landmark,0.5155668266665933
USER_000284,0.5544332209117573,0.8101529897092681,0.9243555036849435,0.5039433381372048,0.4892144931131093,0.019644755819141976,unesco_world_heritage_site,0.5756773326289636
USER_000285,0.5785055067536863,0.7453001903684575,0.9753653554393744,0.8028696501130683,0.20152813923954593,0.30615391464848557,landmark,0.7054613335979439
USER_000286,0.5628218809181152,0.10327755392767711,0.59198700890991,0.33262612413014014,0.8354832728462066,0.19264291789177374,museum,0.3531434348754312
USER_000287,0.3747949740642493,0.331761926299692,0.6441449505877528,0.4673506995232677,0.35544757114362785,0.0847629151907749,shopping_mall,0.2745957469356596
USER_000288,0.644842605723617,0.7170422102109721,0.686676026685435,0.6313625143112914,0.46867815308542254,0.5590694578199618,nature_park,0.7131998829939366
USER_000289,0.23647206367362553,0.6698737247429386,0.6044422256967067,0.7752885113095196,0.49073830527298135,0.16551174620784648,museum,0.3860367941247544
USER_000290,0.39585764197301315,0.7108036585016962,0.43486481772979363,0.6655901889121857,0.5737769788162328,0.06733918237093564,unesco_world_heritage_site,0.5284913538757433
USER_000291,0.27653186918162,0.4063532473469014,0.3045215630369253,0.2866433551369889,0.26014199445618685,0.2830469312188873,cultural_center,0.43110787643375964
USER_000292,0.6686279183134871,0.49954173986662714,0.8695305677917763,0.6815021779484346,0.6256812080232094,0.20659404200643805,beach,0.71090662189935
USER_000293,0.31426159510308443,0.5134889868132688,0.26929755046565484,0.3106369028092266,0.4295934799253525,0.20609239293676754,historic_village,0.37869990585291696
USER_000294,0.16974070965575214,0.2826320585036904,0.9631973875342644,0.48121315454554164,0.1068887111253711,0.11248147686658569,historic_site,0.29069141867856096
USER_000295,0.5722316637432127,0.5214424562641148,0.16726629978792062,0.5824816115070544,0.07732211806869206,0.21430875642406677,natural_reserve,0.6378561585735024
USER_000296,0.5739193926130575,0.48702771295264313,0.9373253914451296,0.27056257967836583,0.5160254571888169,0.1277030163487601,heritage_village,0.5547820092421588
USER_000297,0.21569291773160576,0.293611008593396,0.49483303239543003,0.8880527731156053,0.07823170607046849,0.23057360971158802,landmark,0.4000372521718028
USER_000298,0.7014254366405033,0.8285351089710435,0.16071730489438169,0.23435505225534847,0.4201591048786183,0.025876389383083846,museum,0.5995170470322136
USER_000299,0.4952012031054115,0.46071984252932174,0.8421539223062156,0.7161705607048612,0.21787161786724785,0.11176621685316808,historic_site,0.5281729442523047
USER_000300,0.3782557553751019,0.3405638187909568,0.6768024847575723,0.76306502134292,0.5477652361915427,0.4993761285447345,historic_village,0.4297654748207585
